{"stats":{"minecraft:picked_up":{"minecraft:dirt":1},"minecraft:used":{"minecraft:dirt":1},"minecraft:custom":{"minecraft:jump":13,"minecraft:time_since_rest":3757,"minecraft:leave_game":1,"minecraft:crouch_one_cm":185,"minecraft:sprint_one_cm":1818,"minecraft:play_time":3757,"minecraft:time_since_death":3757,"minecraft:walk_one_cm":1911,"minecraft:sneak_time":86,"minecraft:total_world_time":3757,"minecraft:fall_one_cm":418,"minecraft:fly_one_cm":2310},"minecraft:mined":{"minecraft:grass":1,"minecraft:grass_block":1}},"DataVersion":3465}